tempo,chroma_stft,rmse,spectral_centroid,spectral_bandwidth,rolloff,zero_crossing_rate,mfcc1,mfcc2,mfcc3,mfcc4,mfcc5,mfcc6,mfcc7,mfcc8,mfcc9,mfcc10,mfcc11,mfcc12,mfcc13,mfcc14,mfcc15,mfcc16,mfcc17,mfcc18,mfcc19,mfcc20,mfcc_delta1,mfcc_delta2,mfcc_delta3,mfcc_delta4,mfcc_delta5,mfcc_delta6,mfcc_delta7,mfcc_delta8,mfcc_delta9,mfcc_delta10,mfcc_delta11,mfcc_delta12,mfcc_delta13,mfcc_delta14,mfcc_delta15,mfcc_delta16,mfcc_delta17,mfcc_delta18,mfcc_delta19,mfcc_delta20,tonnetz1,tonnetz2,tonnetz3,tonnetz4,tonnetz5,tonnetz6,tonnetz7,tonnetz8,tonnetz9,tonnetz10,spectral_contrast1,spectral_contrast2,spectral_contrast3,spectral_contrast4,spectral_contrast5,spectral_contrast6,spectral_contrast7,spectral_contrast8,spectral_contrast9,spectral_contrast10,spectral_contrast11,spectral_contrast12,spectral_contrast13,filename_label,manele
123.046875,0.41164076,0.4139788,0.26097244,0.3278894,0.26714844,0.43638423,0.348566,0.22432084,0.28031972,0.32923234,0.42975524,0.29430622,0.16391484,2445.497629,2801.964394,5717.924664,0.08430315,-107.29749,91.473595,21.529047,12.663247,10.791095,5.858037,5.9546328,-0.9033332,-1.2434171,10.476784,-8.279178,2.1222634,-3.8174667,0.8904104,-6.861981,-0.099177495,-4.3559446,0.58677673,-0.5858593,4.8218226,1.08E-08,-6.74E-10,-3.71E-09,-2.78E-09,-3.37E-10,9.27E-10,3.37E-10,5.48E-10,1.07E-09,3.37E-10,7.59E-10,-4.21E-10,-4.21E-10,-5.90E-10,8.43E-10,9.27E-10,-8.43E-11,6.74E-10,-7.16E-10,9.27E-10,-0.148006305,0.089868181,-0.077440842,-0.103861688,0.025818647,-0.000324447,21.54836423,16.52520996,19.64050527,20.11006036,19.77072452,18.5712644,48.03621049,1
161.4990234,0.42105666,0.32707438,0.4530703,0.51186013,0.36358252,0.40049005,0.32111308,0.38409466,0.27094254,0.2564004,0.26703256,0.28072923,0.11947445,2710.007637,2737.098359,5935.649558,0.112973795,-99.71884,78.15646,0.47340977,14.92203,-5.5515685,6.03048,-1.413516,2.7827096,-10.947151,7.127246,-6.5056076,2.917947,-4.5972633,-0.2580991,-10.952491,4.4345202,-8.210495,3.3459682,-5.842974,5.895174,0.013943687,-0.002319592,0.001229806,0.000666406,0.000299345,0.000615026,0.000641132,0.000933344,0.000159487,-0.000483546,-0.000614995,0.000721178,4.67E-05,-0.000417619,1.83E-05,7.94E-05,-0.000293063,-0.000405113,-0.000855466,-0.000144433,-0.016241031,0.085934564,0.04056642,0.019695943,-1.55E-05,0.012325839,18.25133234,14.12902675,17.1662655,16.45358433,17.08497553,17.5663932,59.86575421,1
123.046875,0.35229638,0.28178626,0.3413981,0.3208617,0.4757106,0.2990283,0.20889993,0.29003143,0.3680666,0.50078636,0.3375058,0.30361906,0.1957839,2464.833406,2589.180327,5342.137222,0.110561971,-60.70098,84.08095,-7.8146415,7.192867,1.5478246,-0.09467172,-4.775287,0.48068693,-6.561109,0.424363,-7.5990653,1.0643009,-5.7129707,1.5931344,-0.96589744,0.3381985,-0.7748459,4.881173,-3.1613102,0.10145916,-0.007653195,-0.008221534,-0.006035326,-0.002546704,-0.004191052,-0.000312909,-0.000813592,-0.000866682,-0.00010461,-0.000598718,-0.000818908,-0.001001906,2.53E-05,0.001256106,-0.000348005,-3.68E-05,0.000609942,-0.000391539,-0.000393314,0.00067751,0.074074171,0.003922975,-0.069012652,0.062403676,-0.009003016,0.016194785,17.04226975,15.57975589,18.21808911,18.40133715,18.84471798,17.87313348,49.24406435,1
107.6660156,0.3998523,0.32604164,0.41879383,0.35290775,0.30838892,0.31433126,0.2611292,0.28447092,0.26275393,0.37830234,0.3585971,0.36261865,0.23722333,2640.554093,2779.395836,5947.14692,0.113950068,-38.98347,80.26679,4.412103,9.592824,6.573627,6.034047,0.54688466,5.70447,-6.151392,-0.18221514,-3.7273066,-3.9820476,-6.13291,-1.3077785,-4.439778,-4.5152817,-6.921134,-0.3158798,-5.2698894,-1.0118055,-1.14E-08,2.85E-09,-1.07E-09,3.57E-10,2.54E-09,1.52E-09,-1.96E-09,-2.68E-10,1.78E-09,1.11E-09,0,-5.80E-10,-1.07E-09,-1.16E-09,1.34E-10,-9.81E-10,1.52E-09,-2.90E-10,-2.68E-10,8.03E-10,0.027278953,0.037677137,-0.004487229,0.00045413,-0.004756289,0.00700913,16.23805392,15.13297712,17.583058,18.17756781,17.96549062,16.92082827,46.55301149,1
135.9991776,0.33504575,0.34719115,0.3542959,0.3260603,0.42274144,0.41540748,0.56405944,0.43351617,0.3575195,0.34956744,0.36080596,0.4423651,0.29210678,2739.725594,2914.124857,6380.114132,0.104577551,-23.932772,74.66956,14.898799,16.186083,9.42775,6.6496067,-1.8991417,7.8382397,-3.8362284,1.2939043,-0.98270637,3.2405725,-2.3246448,0.2742601,-1.7482555,-3.4676604,-3.2071507,5.196838,2.8221753,9.086206,0,-4.32E-09,-7.56E-10,-3.46E-09,-8.64E-10,1.19E-09,-2.16E-10,2.81E-09,-1.35E-09,-1.51E-09,1.67E-09,-1.08E-09,6.48E-10,7.56E-10,-9.72E-10,5.94E-10,1.30E-09,6.48E-10,-5.40E-11,-5.40E-10,0.026571214,-0.044668768,0.012889495,-0.012010479,-0.008385924,-0.007432917,16.84955745,14.10773047,17.16069237,17.56468649,17.73309874,16.46770649,47.02018874,1
99.38401442,0.36011678,0.39022306,0.43855134,0.3545731,0.3936614,0.3320534,0.4352334,0.40789986,0.3991108,0.43036127,0.40737215,0.59332055,0.20310237,2756.526235,2797.615005,6016.667632,0.100417626,-67.49831,78.65439,12.946835,18.50076,9.09759,8.672971,5.7040515,8.550907,-3.26038,8.961817,0.37805015,3.2748258,-0.39001256,1.6066207,-1.1042267,1.5044922,-4.3831573,-1.8058125,-3.9031148,-0.58685625,0.004850853,0.003953136,-0.002861314,0.000539398,-0.001158193,0.000443288,-0.001973337,0.000757335,-0.002817412,-0.000991084,-0.000676457,-0.001668793,-0.000166261,-0.001362999,-0.000890228,-0.001403817,-0.000759963,-0.000161967,0.00120557,-0.00012209,0.077698376,-0.035451866,0.045752126,0.003528648,0.003033163,-0.012534684,20.74213929,15.51850871,17.73372637,18.49477273,17.72922575,17.14025136,48.25530752,1
151.9990809,0.3344003,0.34268785,0.30286422,0.36508662,0.36676303,0.48498884,0.3981492,0.35929704,0.44221422,0.48198727,0.5703312,0.38369524,0.21588956,2907.49866,2809.925315,6277.075171,0.12118921,-43.6651,68.86941,5.955633,23.30503,6.557691,7.3265386,0.7776023,7.107308,-2.925739,7.649047,0.9643189,4.616038,-1.1289749,4.226688,-3.6096332,2.8144076,-4.269382,3.0880353,-3.4595582,1.9449779,0.001061168,0.001486776,0.000957926,0.000306663,-0.000159073,-0.000812954,-0.001061033,-0.001127005,-0.001100737,-0.000659952,-0.000349346,-5.07E-05,0.000283303,0.000296201,0.00036005,0.000315122,8.55E-05,9.54E-05,3.78E-05,0.000100019,-0.067847915,0.021618005,0.016495305,-0.045444886,0.012006491,-0.013341583,21.0914478,14.39452192,17.46071698,16.99404684,17.9053619,17.17011108,48.5347127,1
92.28515625,0.3482886,0.36011013,0.46731737,0.54531246,0.7441802,0.54729366,0.48424718,0.42975286,0.35578972,0.32131705,0.3153391,0.40285206,0.28120083,2240.785685,2588.160326,5008.229006,0.065152761,-74.23831,82.84485,5.705929,26.35687,15.126291,8.957377,6.7426066,12.724293,-0.9176436,15.048645,4.682345,5.886749,-0.63321626,3.3487842,0.50703925,1.9241971,0.8646269,6.152952,4.971685,9.187868,0.001692685,0.001635748,0.000983567,0.00129352,0.001176831,0.000937098,0.001015377,0.00042258,-0.00029381,-1.04E-05,0.000317899,-0.000167429,-0.000583095,-0.000549697,-0.000572502,-0.000396733,-0.000103326,-0.000434666,-0.000772364,-0.000416109,0.073575107,-0.022436674,-0.041753128,0.033155185,-0.022922502,-0.036327049,22.67870075,15.42262811,17.70931031,17.88688084,19.05170654,18.55249864,48.35775889,1
143.5546875,0.43058684,0.4993192,0.37901574,0.4239041,0.46662703,0.28032818,0.26993746,0.31183138,0.49963704,0.4236729,0.41024238,0.44615474,0.32263434,2184.883783,2455.481145,4652.770666,0.072782404,-76.23334,93.43207,7.708888,16.831455,12.024805,3.8755286,5.224145,7.3042374,-7.644426,5.8216705,1.9155649,6.3140535,-2.1582077,2.1640656,-2.5514312,1.2315207,-4.328576,4.3406844,-0.43215984,4.5289493,0.027632834,1.45E-05,-0.001740036,-0.000711151,-0.001497035,0.000191774,-0.002077615,0.000256143,-0.001413205,-0.000145735,-0.001246331,0.000317252,-0.000803198,-0.000941467,4.51E-05,0.000529731,-0.001508973,-0.000370652,-0.001455258,-0.001659641,-0.034331016,-0.134348712,-0.068404341,0.094043586,-0.008064018,-0.018839886,22.00077505,16.90488145,19.78483588,19.44533733,19.29893648,18.96099874,47.63924995,1
112.3471467,0.31528094,0.4311714,0.45476332,0.3241384,0.40509742,0.3001096,0.3954342,0.32486272,0.30163503,0.3255948,0.3127041,0.4155196,0.19253753,2765.873533,2841.765653,6181.238823,0.11744942,-76.76363,76.9996,14.599518,16.75423,10.934958,4.526663,0.7204347,6.439966,-3.8970108,6.739506,-1.4664176,3.2332134,-1.5080366,0.002826292,-3.863781,-4.336805,-6.961289,2.2074065,-4.844886,2.061678,2.46E-06,6.31E-07,-3.23E-06,-1.82E-06,2.57E-06,2.76E-06,-1.56E-06,-3.33E-06,3.39E-07,3.45E-06,9.24E-07,-3.11E-06,-2.06E-06,2.36E-06,2.93E-06,-1.28E-06,-3.39E-06,4.29E-08,3.41E-06,1.21E-06,0.076243527,-0.070050148,0.049095194,-0.030260711,0.00456566,-0.015676741,20.60189212,15.96009698,19.42243713,18.65998682,19.73841567,18.673308,48.28448521,1
112.3471467,0.4536767,0.37115443,0.34152102,0.4205907,0.44727078,0.6766807,0.4360218,0.42508474,0.49166864,0.45656487,0.41790888,0.35936475,0.20870702,3320.416264,3051.394625,7239.951307,0.139526909,-43.321873,50.94609,8.607523,20.270884,11.234402,6.708766,5.8944016,7.647007,0.038164258,11.009975,2.4060285,8.033994,0.36828533,5.3445063,-0.2433839,3.6325645,-2.4088178,7.096795,3.6723294,6.611262,0.002181829,0.00293652,0.001377145,-0.000421142,-0.000976639,-0.00142449,-0.0010274,-0.000126734,0.000110485,1.18E-05,-0.000421656,-0.000570404,-0.000521979,-0.000597384,-0.00020403,-0.00010718,-0.000408933,-0.000282463,-8.72E-05,0.000206639,-0.014499248,0.029945142,-0.02274533,-0.000443476,-0.003382222,0.001178984,20.36921812,13.88709362,18.0328432,16.81134209,18.26266516,17.55296765,47.72590249,1
99.38401442,0.38402838,0.36389226,0.4528623,0.4923298,0.6631195,0.49270648,0.39849287,0.3691358,0.40624464,0.4115053,0.39709282,0.49035385,0.28233114,2955.260727,2933.239061,6529.954108,0.120187269,-24.096262,67.42589,7.166055,13.704066,5.976748,6.9234853,10.185058,7.9013042,-1.8898181,6.4745107,0.57108456,1.5866923,1.4148067,4.1718445,-2.0957894,3.283834,-2.0453901,1.9424546,0.65557396,5.1988034,0.000745965,-3.96E-05,-0.000751239,-0.000100734,0.000348887,0.000330512,-0.000318125,-0.000204044,0.000299394,-1.31E-05,-8.25E-05,-9.89E-05,-4.24E-06,0.000283903,-0.000109128,-0.00017266,6.81E-05,1.87E-05,0.000125408,-0.000122369,0.03949345,-0.014351974,0.040222031,0.033768015,0.005725207,-8.57E-05,18.77046466,14.78260126,16.36947569,16.70296745,16.69744899,17.16378464,46.051581,1
151.9990809,0.34212068,0.32989538,0.44399098,0.36835432,0.50013286,0.50825405,0.38047117,0.4302737,0.4644873,0.5042848,0.3870345,0.34939036,0.23588797,2679.12972,2719.138231,5835.888316,0.113386168,-30.500992,75.08791,0.61865634,18.369877,6.4612164,8.262024,3.289255,8.097424,-5.2586503,7.317768,3.7979033,1.3320564,0.25673157,3.5625548,-4.1486297,2.2130375,-1.7568513,1.24076,-1.1829895,3.7527556,0.001442637,0.000923192,-0.000308228,-0.000144857,-0.000177587,-0.000409013,-9.02E-05,-0.000141388,-0.000434899,-0.000165746,-5.03E-05,-0.0002756,-0.000154886,-3.80E-05,-0.000134069,6.84E-05,0.00032348,0.000267765,0.00015408,-3.70E-05,0.049835534,0.024658108,-0.051791801,0.002037743,0.001127395,-0.000907475,18.48738849,14.7840229,17.82572398,17.40488782,17.90019682,18.04244008,47.02169119,1
172.265625,0.4283922,0.44229937,0.47685328,0.42211267,0.4455727,0.46764183,0.57206273,0.46578875,0.40171513,0.49718955,0.49564126,0.52819306,0.24285199,1025.980845,1528.029472,2072.810564,0.031124676,-177.57402,141.4367,17.737028,16.88625,7.8278794,11.123082,0.038570687,5.748058,0.09681481,2.9163013,-0.3820773,-0.9717054,-2.1472015,1.5227764,1.0911108,2.1296575,-1.5318434,-1.308585,-1.8226142,0.7610481,-0.041119576,-0.027560784,0.001604771,0.006249934,0.004510451,0.001693708,-0.000441265,-0.00232259,0.001294157,0.003262052,0.001874065,0.001685889,-0.00018586,4.46E-05,0.002612094,0.002821207,0.001629751,0.000429901,0.000226776,2.45E-05,0.026034834,0.019207878,0.03852432,0.016727266,0.018695775,0.011126512,21.25215808,15.20401768,17.19654095,17.51120471,17.99368696,16.93007842,48.54871691,0
89.10290948,0.40064937,0.29165015,0.37371916,0.3220378,0.5670926,0.30829915,0.22919993,0.24356323,0.3014387,0.4895126,0.25891086,0.31731412,0.11329527,2341.521105,2460.581608,4979.835417,0.105983893,-145.42308,83.00654,7.1451025,35.932693,0.09693979,-1.6497376,-5.076691,-4.6303315,-11.24883,-3.4335961,-6.474908,-2.003332,-4.157884,-1.5330113,-5.8609924,-2.5542767,-5.7169523,0.48462892,-9.014725,-2.9448454,1.02E-08,0,1.59E-10,1.91E-09,0,-8.77E-10,4.78E-10,2.23E-09,1.83E-09,-1.20E-09,-9.57E-10,-1.28E-09,3.99E-11,6.78E-10,1.59E-10,9.57E-10,-1.59E-10,4.78E-10,-3.19E-10,-2.39E-10,0.106058625,0.010340987,-0.044694694,0.080468682,0.00023542,-0.003319988,21.96248973,16.57364247,21.62200623,21.61913296,21.09507669,21.14276714,47.86319816,0
117.4538352,0.39113855,0.31469765,0.35318753,0.40013483,0.5806088,0.51054806,0.40177974,0.36611342,0.3832584,0.4421983,0.34274933,0.4083815,0.25956556,1470.803963,1766.536705,2979.207211,0.058969322,-117.93389,125.5732,-7.540683,21.927301,7.932418,2.183049,5.3037677,8.566459,-4.9102592,16.593565,-0.9159369,6.0042963,3.4148903,2.3340752,-0.34828687,1.6679603,-4.2003355,5.3975983,0.076453015,3.5203943,-2.93E-09,1.46E-09,-2.38E-09,-1.83E-10,-1.37E-09,-1.83E-10,-2.20E-09,2.01E-09,1.83E-10,-9.15E-11,3.66E-10,-1.37E-10,4.58E-10,1.74E-09,9.15E-10,-5.95E-10,2.75E-10,-1.83E-10,-1.10E-09,9.15E-10,0.03362878,0.006711042,-0.042344796,0.074800494,0.005297176,0.00368015,19.73256648,14.48333582,17.99371382,17.39334141,19.18610652,22.60507046,51.36802764,0
172.265625,0.4283922,0.44229937,0.47685328,0.42211267,0.4455727,0.46764183,0.57206273,0.46578875,0.40171513,0.49718955,0.49564126,0.52819306,0.24285199,1025.980845,1528.029472,2072.810564,0.031124676,-177.57402,141.4367,17.737028,16.88625,7.8278794,11.123082,0.038570687,5.748058,0.09681481,2.9163013,-0.3820773,-0.9717054,-2.1472015,1.5227764,1.0911108,2.1296575,-1.5318434,-1.308585,-1.8226142,0.7610481,-0.041119576,-0.027560784,0.001604771,0.006249934,0.004510451,0.001693708,-0.000441265,-0.00232259,0.001294157,0.003262052,0.001874065,0.001685889,-0.00018586,4.46E-05,0.002612094,0.002821207,0.001629751,0.000429901,0.000226776,2.45E-05,0.026034834,0.019207878,0.03852432,0.016727266,0.018695775,0.011126512,21.25215808,15.20401768,17.19654095,17.51120471,17.99368696,16.93007842,48.54871691,0
89.10290948,0.40064937,0.29165015,0.37371916,0.3220378,0.5670926,0.30829915,0.22919993,0.24356323,0.3014387,0.4895126,0.25891086,0.31731412,0.11329527,2341.521105,2460.581608,4979.835417,0.105983893,-145.42308,83.00654,7.1451025,35.932693,0.09693979,-1.6497376,-5.076691,-4.6303315,-11.24883,-3.4335961,-6.474908,-2.003332,-4.157884,-1.5330113,-5.8609924,-2.5542767,-5.7169523,0.48462892,-9.014725,-2.9448454,1.02E-08,0,1.59E-10,1.91E-09,0,-8.77E-10,4.78E-10,2.23E-09,1.83E-09,-1.20E-09,-9.57E-10,-1.28E-09,3.99E-11,6.78E-10,1.59E-10,9.57E-10,-1.59E-10,4.78E-10,-3.19E-10,-2.39E-10,0.106058625,0.010340987,-0.044694694,0.080468682,0.00023542,-0.003319988,21.96248973,16.57364247,21.62200623,21.61913296,21.09507669,21.14276714,47.86319816,0
117.4538352,0.39113855,0.31469765,0.35318753,0.40013483,0.5806088,0.51054806,0.40177974,0.36611342,0.3832584,0.4421983,0.34274933,0.4083815,0.25956556,1470.803963,1766.536705,2979.207211,0.058969322,-117.93389,125.5732,-7.540683,21.927301,7.932418,2.183049,5.3037677,8.566459,-4.9102592,16.593565,-0.9159369,6.0042963,3.4148903,2.3340752,-0.34828687,1.6679603,-4.2003355,5.3975983,0.076453015,3.5203943,-2.93E-09,1.46E-09,-2.38E-09,-1.83E-10,-1.37E-09,-1.83E-10,-2.20E-09,2.01E-09,1.83E-10,-9.15E-11,3.66E-10,-1.37E-10,4.58E-10,1.74E-09,9.15E-10,-5.95E-10,2.75E-10,-1.83E-10,-1.10E-09,9.15E-10,0.03362878,0.006711042,-0.042344796,0.074800494,0.005297176,0.00368015,19.73256648,14.48333582,17.99371382,17.39334141,19.18610652,22.60507046,51.36802764,0
112.3471467,0.37527424,0.47066778,0.41964936,0.48781732,0.38037696,0.33975944,0.39816028,0.3799615,0.43103474,0.3246151,0.33537433,0.37384987,0.18007623,2638.256395,2757.357449,5905.281082,0.106842912,-70.816925,74.95482,7.1446223,20.664503,6.0814266,6.8996525,-0.9231522,4.9623713,-2.558476,6.5139937,0.7984618,7.741333,-0.57757616,0.8601454,0.11541353,2.621808,-2.900004,4.666848,-2.161979,-0.17012268,0,5.55E-10,-1.11E-09,4.03E-09,-1.11E-09,0,-1.81E-09,-9.72E-10,-6.25E-10,-8.33E-10,-5.55E-10,4.17E-10,3.47E-10,-2.01E-09,-4.17E-10,-2.08E-10,3.82E-10,-1.15E-09,5.55E-10,-3.47E-10,-0.037473258,-0.052136179,-0.011359698,0.000953092,0.017742017,0.014841557,17.64713282,14.79823937,18.26519929,17.78459518,18.08608562,18.03515279,47.42812968,1
123.046875,0.37097424,0.3178704,0.36741576,0.40016264,0.5197469,0.3963848,0.32878643,0.3256389,0.39652517,0.43367425,0.34657168,0.40701684,0.24925774,2149.368833,2416.648247,4911.063305,0.075755713,-85.20943,97.169136,13.781184,14.724772,-2.7633753,3.8850243,-5.234776,2.2580798,-4.970438,-0.088387825,-2.5436473,-0.901335,-4.4998493,0.71300113,-4.1626244,0.40103406,-4.279227,2.4848273,-4.4344077,-0.2031233,-0.012017345,-0.006658436,0.002706459,0.000508806,0.001214512,0.0017912,0.000535935,0.001096184,0.001537829,0.00082605,-0.000351259,0.000121927,0.0011036,0.000991787,0.000388885,-0.000176427,-2.94E-05,-0.000193063,0.000481828,0.001136992,0.057673806,-0.003755682,-0.039668568,0.058361716,-0.018420946,0.000802744,23.54742348,15.54989166,18.8684768,19.08133201,18.52826443,17.31176348,45.75580115,0
83.35433468,0.55085903,0.5918473,0.527166,0.51015556,0.50858605,0.60935384,0.49605766,0.40891528,0.40789852,0.42990285,0.5603099,0.56827784,0.31865638,1929.357516,2237.410425,4358.670883,0.065699154,-84.26744,79.67965,-3.7550726,59.430157,14.866997,32.4321,6.846668,14.664379,10.064445,9.073143,3.3144646,6.8530736,-2.2115664,7.694548,0.317899,1.6377624,-4.3112717,-1.2230008,-4.8459635,1.9833723,2.57E-09,-1.29E-09,4.02E-10,9.64E-10,-8.04E-10,9.64E-10,4.02E-10,-1.29E-09,8.04E-11,2.81E-10,1.21E-09,8.04E-11,2.93E-09,1.69E-09,9.24E-10,4.42E-10,-8.04E-11,-1.37E-09,-2.81E-10,-1.61E-10,-0.067132807,0.058185612,-0.028415428,-0.005301038,0.008296876,-0.010612653,17.46151367,13.83490254,16.23917402,15.99036648,17.68435853,18.57341812,49.92553176,1
103.359375,0.38206813,0.4771061,0.3603815,0.511488,0.38376376,0.49967408,0.328128,0.31518725,0.37956253,0.3703671,0.49043545,0.34056193,0.20022964,2836.189161,2914.553511,6507.654287,0.107156185,-66.06374,73.301636,15.629122,11.567911,6.54456,6.329581,-6.2893004,5.8536215,-8.2277565,8.82962,-1.5921048,-1.1513317,-4.33557,3.5382378,-4.2329755,-3.5116558,-6.187095,-4.8138185,-6.6134114,0.7800414,3.00E-09,1.50E-09,-1.12E-09,-1.12E-09,-7.49E-10,9.36E-10,-3.28E-10,-3.75E-10,7.49E-10,1.87E-10,1.87E-10,-7.02E-11,6.55E-10,-6.55E-10,0,-7.02E-10,-1.40E-10,3.28E-10,9.36E-11,1.31E-09,-0.133290939,-0.047972566,0.043623467,-0.139037451,0.042615027,0.028774401,19.70030971,16.00807712,19.00602752,18.21898783,19.40704557,18.90996013,47.77131118,0
89.10290948,0.22623472,0.29449472,0.5065209,0.3023202,0.38268423,0.24758014,0.398326,0.3088556,0.24433188,0.3366488,0.250321,0.38195947,0.24675947,1927.409764,2203.803167,4052.554392,0.08481528,-95.61869,109.32296,10.965105,17.533995,-5.854936,2.3213458,-0.70771813,-2.2279887,-2.1391945,1.2340907,-4.2249384,2.326202,-3.9059808,-0.2539103,-3.776313,-0.88868415,-9.611121,3.2244723,-6.863671,3.663763,1.31E-08,0,-8.21E-10,0,2.67E-09,2.74E-10,-2.19E-09,9.58E-10,-2.74E-10,-6.85E-10,-1.92E-09,5.48E-10,1.37E-09,8.21E-10,-6.85E-10,1.44E-09,0,2.74E-10,-1.78E-09,6.85E-11,0.188954789,0.002606369,0.035757142,-0.078444771,-0.007609009,-0.011544649,21.0202805,15.53879465,19.53780829,20.24393479,20.20537531,20.60492839,47.71265414,0
112.3471467,0.37510276,0.47024083,0.41969123,0.4870919,0.37866852,0.33963108,0.39783198,0.37949297,0.43019214,0.32288346,0.3346949,0.37291563,0.17933585,2613.015306,2747.303043,5856.112026,0.105457128,-73.11621,75.28378,7.3643465,20.823853,6.2301717,6.9626036,-0.85764515,4.9949083,-2.534982,6.48175,0.8866132,7.841308,-0.46058017,0.8005999,0.15151048,2.5979056,-2.918299,4.658004,-2.1694102,-0.19101101,1.33E-08,5.55E-10,8.33E-10,-1.53E-09,1.39E-10,5.55E-10,0,-1.39E-10,8.33E-10,5.55E-10,5.55E-10,9.37E-10,5.21E-10,2.01E-09,8.33E-10,3.47E-10,-7.64E-10,-2.08E-10,-7.98E-10,6.94E-10,-0.037812516,-0.052444622,-0.011386249,0.000787156,0.01782711,0.015010302,17.73402269,14.97698541,18.4726585,18.00647133,18.74649475,19.34235279,46.28231875,1
129.1992188,0.51879644,0.34423622,0.41454768,0.271003,0.29381114,0.33518085,0.254541,0.33070394,0.2822958,0.360276,0.37261134,0.328483,0.25195318,2208.84248,2686.69502,5171.158372,0.072794873,-95.83512,95.31925,16.753685,12.513852,10.590309,-2.7068827,2.8022833,5.0114403,-3.7909174,11.486093,2.0824025,4.103382,1.0568388,2.0198407,-1.9311625,0.5853572,-4.038731,-0.26558867,-4.1633954,2.5922613,5.68E-09,-1.42E-09,-1.77E-10,2.13E-09,1.60E-09,4.44E-10,-1.95E-09,-1.77E-09,7.10E-10,1.24E-09,4.44E-10,-7.98E-10,4.44E-11,6.21E-10,4.44E-10,1.29E-09,5.32E-10,1.33E-09,5.32E-10,-8.87E-11,0.048216405,0.106467273,-0.024596416,-0.035548877,0.009423763,-0.014205463,22.44648976,17.60531676,20.33668554,19.1548942,19.82414628,20.95560418,48.65970633,1
135.9991776,0.6159835,0.624622,0.51072115,0.4803383,0.534632,0.5705111,0.5690929,0.5802345,0.7253127,0.70958835,0.59849286,0.597784,0.412335,1013.438767,1761.359402,2196.238214,0.016305077,-181.97935,94.258064,41.52849,78.24682,29.513584,35.320442,16.547916,13.810713,5.8631706,12.861188,5.9173245,7.6940303,3.7508721,7.6306763,3.644164,4.4688573,1.5336336,2.9769108,1.8300797,-0.3468777,-0.019109845,-0.011400678,-0.002928105,-0.000579531,0.002464311,0.001244956,0.002391904,0.000934671,6.57E-05,0.000619394,0.001101113,0.001871899,0.002599495,0.002432137,0.002010798,-3.72E-05,0.000398393,0.001653257,0.001623594,0.001058859,0.036635073,0.005849807,-0.07242419,-0.120077835,-0.01725919,0.00304552,20.99223644,16.74948799,18.9489193,17.62878359,17.42698723,18.59116016,47.95341231,1
103.359375,0.3990088,0.27644864,0.2629373,0.37920687,0.58619887,0.3945181,0.37494957,0.43205282,0.43357044,0.4822448,0.44881725,0.5078041,0.19337381,1743.071623,2158.020423,3856.935448,0.062323406,-156.45642,114.00402,31.621271,18.868881,2.452005,15.60321,-0.9170645,1.5375069,0.892769,7.324571,-0.4172379,-4.2727904,-3.5728593,-1.0871656,-2.9825742,5.5024824,-0.24788721,-0.7285887,-3.2462916,1.6782416,-0.002194085,0.002571711,0.004348052,2.08E-05,-0.000241208,0.001217504,0.001898803,0.000305729,0.000484188,0.000894785,-0.000639166,-0.001380929,-0.00055876,0.000224498,0.000247599,0.000276545,-0.000453757,-0.000503614,-0.000134712,-0.000786133,0.032052527,-0.038377036,0.037144533,0.07390493,0.024258742,0.010060924,21.00134682,16.30169283,18.38292062,19.31659161,20.45134408,18.80613932,47.17526734,0
92.28515625,0.31441075,0.37857035,0.25391275,0.34592438,0.33006048,0.26748976,0.40249217,0.36012548,0.5175543,0.39381075,0.37291908,0.44325766,0.20912501,2126.425996,2588.960259,4863.585424,0.076419644,-110.31369,97.19609,20.08561,15.120428,9.237825,5.601198,3.3450193,3.7962625,-2.8241384,5.0214267,-5.0906744,2.8677042,-8.826369,-1.4510678,-4.8659806,1.222987,-5.281091,-1.4334009,-2.867327,-1.3654901,-6.09E-09,-7.61E-10,-1.33E-09,1.52E-09,9.51E-11,7.61E-10,-6.18E-10,-6.66E-10,1.43E-10,-5.71E-10,-8.80E-10,-6.18E-10,-8.32E-11,6.66E-10,-9.99E-10,9.51E-11,-2.85E-10,-1.43E-09,-2.38E-10,-2.47E-09,0.018147751,-0.067736403,-0.029259602,0.007778895,-0.005273597,0.002991664,22.35667153,15.34220064,18.7734926,18.61358919,18.30805173,18.84050757,46.44270717,0
83.35433468,0.40070373,0.44496062,0.35146952,0.4498075,0.3860672,0.5252089,0.3310521,0.28623196,0.3868584,0.33357334,0.40493256,0.32387662,0.24973892,1808.138777,2525.618691,4215.697244,0.050639177,-102.625885,108.66737,29.174837,20.513,13.081895,8.047123,1.2394595,8.352684,-3.4019618,8.561631,-3.9669507,6.037205,-2.8273365,-1.9125054,-2.5840623,-0.7392624,-5.2760267,-0.05992089,-5.453669,0.8352289,1.61E-08,0,2.35E-09,1.34E-09,8.41E-11,2.61E-09,-1.68E-09,3.36E-10,9.25E-10,-2.52E-09,-1.93E-09,-9.25E-10,1.09E-09,1.77E-09,-2.94E-10,2.94E-10,-2.10E-10,-6.94E-10,-1.68E-10,5.04E-10,-0.078620891,0.046592341,-0.100830909,0.015084922,-0.00349269,-0.01325459,18.9895804,15.92968591,18.93213863,18.05266127,17.70489885,17.41220706,48.04511198,0
117.4538352,0.49381754,0.4586361,0.47837046,0.46722528,0.5697749,0.5023031,0.5257103,0.5236413,0.48964018,0.54389787,0.49771857,0.5610198,0.23178703,1701.372722,1914.583382,3577.19329,0.061724184,-103.75408,113.346085,-10.349033,28.346945,5.5615916,13.127688,1.9983772,13.790721,3.3818343,4.194411,1.5207133,5.3735514,3.8045976,6.3451667,2.7331438,3.6942747,4.3933015,5.6224394,0.7697853,5.3409185,1.06E-08,-2.66E-09,0,-3.32E-10,-1.33E-09,1.66E-10,-4.57E-10,-9.97E-10,4.98E-10,-9.55E-10,-7.47E-10,-4.98E-10,-5.19E-10,3.32E-10,-2.49E-10,5.81E-10,-4.15E-10,8.72E-10,4.15E-11,-3.32E-10,0.034195315,-0.010102802,-0.008114863,-0.041112047,0.00507822,0.011916923,20.17525449,14.30231795,17.66557777,17.50872984,17.57877152,17.11791678,47.7581339,0
123.046875,0.50876826,0.33946225,0.38756946,0.4022291,0.3705975,0.5045865,0.37631956,0.4213475,0.33812648,0.32214293,0.3546407,0.35637048,0.31674162,2148.176247,2318.931352,4660.752386,0.085090959,-28.304811,93.29123,-5.809354,21.23769,-0.5644593,14.8773,-2.929114,11.220106,1.7058723,4.1317186,2.4223094,6.3933496,0.12912928,4.3003974,-1.7409898,2.4845438,-6.1054053,3.1664839,-0.5401981,1.5319748,0.000364943,0.000419305,0.000186951,-5.21E-05,-0.0001954,-0.000233909,-0.000234456,-0.000259433,-0.000299178,-0.000279435,-0.000137058,0.000105666,0.000337908,0.000435902,0.000355063,0.000160985,-2.59E-05,-0.000123208,-0.000138932,-0.000141295,-0.061942543,0.123643938,-0.060875497,0.027296608,-0.014679929,-0.008412078,23.39540649,14.06555643,17.99071884,17.37473143,17.41621319,16.76655307,47.34791159,0
112.3471467,0.384528,0.41787264,0.5373813,0.5226448,0.49692583,0.42570022,0.48078117,0.4148255,0.4056263,0.5159389,0.3708913,0.37117183,0.097605996,2518.499648,2199.36412,4789.044519,0.152316773,-105.451256,83.290016,-32.211582,30.746925,-1.3996432,9.259714,-6.5509305,5.863439,-2.7017946,0.2119076,2.0278058,2.4918554,-0.9698176,-2.868606,-3.0149832,-1.9279101,-3.7355487,1.1085141,0.56123406,-2.4104369,-3.74E-09,-2.80E-09,1.40E-09,3.27E-09,1.64E-09,-1.17E-10,3.04E-09,8.76E-10,3.50E-10,5.84E-10,4.09E-10,-1.17E-10,-5.26E-10,-7.01E-10,-4.09E-10,2.92E-10,4.09E-10,2.92E-10,8.18E-10,1.20E-09,0.040810549,0.011150142,-0.009972017,-0.026009074,-0.00967516,0.004429503,16.40019587,14.07420871,17.19056743,16.50949314,17.50530893,17.29809874,45.51218885,0
112.3471467,0.384528,0.41787264,0.5373813,0.5226448,0.49692583,0.42570022,0.48078117,0.4148255,0.4056263,0.5159389,0.3708913,0.37117183,0.097605996,2518.499648,2199.36412,4789.044519,0.152316773,-105.451256,83.290016,-32.211582,30.746925,-1.3996432,9.259714,-6.5509305,5.863439,-2.7017946,0.2119076,2.0278058,2.4918554,-0.9698176,-2.868606,-3.0149832,-1.9279101,-3.7355487,1.1085141,0.56123406,-2.4104369,-3.74E-09,-2.80E-09,1.40E-09,3.27E-09,1.64E-09,-1.17E-10,3.04E-09,8.76E-10,3.50E-10,5.84E-10,4.09E-10,-1.17E-10,-5.26E-10,-7.01E-10,-4.09E-10,2.92E-10,4.09E-10,2.92E-10,8.18E-10,1.20E-09,0.040810549,0.011150142,-0.009972017,-0.026009074,-0.00967516,0.004429503,16.40019587,14.07420871,17.19056743,16.50949314,17.50530893,17.29809874,45.51218885,0
75.99954044,0.3853072,0.34929782,0.35852784,0.46271175,0.46095267,0.6230501,0.54422563,0.39202535,0.42847154,0.35967773,0.41871005,0.3345294,0.2900531,2504.531512,2471.571591,5217.131761,0.097811974,-27.802124,82.280136,-4.3461432,21.612133,2.1673114,11.497521,-1.3168675,7.3903956,-1.727142,6.485191,2.0060997,5.6914763,-2.8908787,1.8799039,-1.7911037,0.9868214,-2.2488897,1.7531718,-2.236959,3.556965,0.007288304,0.001685691,0.000394711,0.000718433,0.000348838,0.000471497,0.000520158,0.00072116,0.000311123,0.000422485,0.000386465,0.000423909,0.000488386,0.000291424,0.000341284,0.000251387,-6.08E-05,0.00020649,8.48E-05,0.000324702,-0.073281836,-0.043827595,-0.044659202,0.011662707,0.007910528,0.010433921,21.65355928,15.56741287,17.3477099,17.34961864,17.85949319,17.51573283,47.8124022,1
92.28515625,0.31441075,0.37857035,0.25391275,0.34592438,0.33006048,0.26748976,0.40249217,0.36012548,0.5175543,0.39381075,0.37291908,0.44325766,0.20912501,2126.425996,2588.960259,4863.585424,0.076419644,-110.31369,97.19609,20.08561,15.120428,9.237825,5.601198,3.3450193,3.7962625,-2.8241384,5.0214267,-5.0906744,2.8677042,-8.826369,-1.4510678,-4.8659806,1.222987,-5.281091,-1.4334009,-2.867327,-1.3654901,-6.09E-09,-7.61E-10,-1.33E-09,1.52E-09,9.51E-11,7.61E-10,-6.18E-10,-6.66E-10,1.43E-10,-5.71E-10,-8.80E-10,-6.18E-10,-8.32E-11,6.66E-10,-9.99E-10,9.51E-11,-2.85E-10,-1.43E-09,-2.38E-10,-2.47E-09,0.018147751,-0.067736403,-0.029259602,0.007778895,-0.005273597,0.002991664,22.35667153,15.34220064,18.7734926,18.61358919,18.30805173,18.84050757,46.44270717,0
161.4990234,0.27413452,0.3935179,0.30312568,0.46364984,0.35901362,0.4748481,0.3030034,0.22781044,0.37141532,0.3256221,0.41333216,0.25466073,0.31534737,2140.379271,2535.728167,4823.050056,0.082455336,-43.50385,102.96065,14.992029,20.089102,0.104705706,-5.2674956,1.6512057,-1.2899107,1.8778421,0.57698643,-2.7666848,4.8149405,-3.484599,3.4852378,-8.440034,-2.561702,-3.5768287,-2.5280578,-2.9695773,2.3387165,-8.28E-05,-9.85E-05,-5.45E-05,-1.12E-05,1.09E-05,1.14E-05,6.40E-06,1.26E-05,3.28E-05,5.55E-05,6.75E-05,6.71E-05,6.47E-05,7.08E-05,8.24E-05,8.22E-05,5.22E-05,-8.88E-06,-8.09E-05,-0.000134239,-0.22594281,0.001410368,-0.04949841,0.015012361,-0.000535127,-0.0220303,22.87682714,16.11318662,19.19898181,20.16100258,18.0068884,19.80022594,45.4646395,0
83.35433468,0.55085903,0.5918473,0.527166,0.51015556,0.50858605,0.60935384,0.49605766,0.40891528,0.40789852,0.42990285,0.5603099,0.56827784,0.31865638,1929.357516,2237.410425,4358.670883,0.065699154,-84.26744,79.67965,-3.7550726,59.430157,14.866997,32.4321,6.846668,14.664379,10.064445,9.073143,3.3144646,6.8530736,-2.2115664,7.694548,0.317899,1.6377624,-4.3112717,-1.2230008,-4.8459635,1.9833723,2.57E-09,-1.29E-09,4.02E-10,9.64E-10,-8.04E-10,9.64E-10,4.02E-10,-1.29E-09,8.04E-11,2.81E-10,1.21E-09,8.04E-11,2.93E-09,1.69E-09,9.24E-10,4.42E-10,-8.04E-11,-1.37E-09,-2.81E-10,-1.61E-10,-0.067132807,0.058185612,-0.028415428,-0.005301038,0.008296876,-0.010612653,17.46151367,13.83490254,16.23917402,15.99036648,17.68435853,18.57341812,49.92553176,1
78.30255682,0.44384068,0.44440207,0.26752788,0.37569696,0.28683576,0.42810467,0.34337926,0.25329137,0.28505036,0.27448678,0.38779706,0.26979792,0.20465286,2689.2499,2658.553762,5827.47964,0.11684938,-61.956547,74.40049,-0.93062687,18.07702,2.870023,7.707786,1.9056863,4.927862,-2.8420448,1.0232147,-0.18915543,4.3107758,-2.3409154,1.0085915,-4.242484,0.42192367,-7.882056,-3.4384563,-1.8664593,2.9310691,0.002623841,0.002173969,-0.000685657,-0.002045413,-0.001467475,-0.000531694,-0.000250817,-0.000253265,4.98E-05,0.000540932,0.000717182,0.000443203,4.76E-05,-0.000163287,-0.000182489,-0.000214163,-0.000408894,-0.000510705,-5.37E-05,0.000767961,-0.137576988,0.021180391,-0.034796303,-0.038968458,0.011601804,0.011683698,23.31094817,16.71975306,20.24718884,20.20108844,20.20139773,19.11104079,47.57977332,1
123.046875,0.50876826,0.33946225,0.38756946,0.4022291,0.3705975,0.5045865,0.37631956,0.4213475,0.33812648,0.32214293,0.3546407,0.35637048,0.31674162,2148.176247,2318.931352,4660.752386,0.085090959,-28.304811,93.29123,-5.809354,21.23769,-0.5644593,14.8773,-2.929114,11.220106,1.7058723,4.1317186,2.4223094,6.3933496,0.12912928,4.3003974,-1.7409898,2.4845438,-6.1054053,3.1664839,-0.5401981,1.5319748,0.000364943,0.000419305,0.000186951,-5.21E-05,-0.0001954,-0.000233909,-0.000234456,-0.000259433,-0.000299178,-0.000279435,-0.000137058,0.000105666,0.000337908,0.000435902,0.000355063,0.000160985,-2.59E-05,-0.000123208,-0.000138932,-0.000141295,-0.061942543,0.123643938,-0.060875497,0.027296608,-0.014679929,-0.008412078,23.39540649,14.06555643,17.99071884,17.37473143,17.41621319,16.76655307,47.34791159,0
